offset,count-ms,lookup-mus-1,lookup-mus-50,lookup-mus-100,lookup-mus-inf,results1,results50,results100,resultsinf
0,0.15633333333333335,0.024,1.2838333333333332,2.322,19.15716666666667,0.001,0.05,0.1,0.6845
