offset,count-ms,lookup-mus-1,lookup-mus-50,lookup-mus-100,lookup-mus-inf,results1,results50,results100,resultsinf
0,0.10454000000000001,0.02494,0.7262799999999999,2.15766,12.53206,0.001,0.05,0.0988,0.39692
