offset,count-ms,lookup-mus-1,lookup-mus-50,lookup-mus-100,lookup-mus-inf,results1,results50,results100,resultsinf
0,0.0435,0.023780000000000003,0.04284,0.037,0.037219999999999996,0.0009,0.0009,0.0009,0.0009
